ID,Pred
2018_1104_1112,0.5493732601798061
2018_1104_1113,0.7128144631344913
2018_1104_1116,0.2573566799147906
2018_1104_1120,0.2442250501679955
2018_1104_1124,0.6650013799512604
2018_1104_1125,0.8326116220083697
2018_1104_1137,0.8679151130832363
2018_1104_1138,0.8291089465683565
2018_1104_1139,0.6144931374287831
2018_1104_1149,0.9818162447714609
2018_1104_1153,0.5785962571059551
2018_1104_1155,0.6514676898357484
2018_1104_1166,0.6466120747739721
2018_1104_1181,0.516448109237889
2018_1104_1190,0.8620066987043036
2018_1104_1195,0.9020150321161138
2018_1104_1196,0.6450026031703082
2018_1104_1199,0.6414130991188535
2018_1104_1211,0.5355183392674295
2018_1104_1217,0.917796731446041
2018_1104_1222,0.32737973807010606
2018_1104_1242,0.5156556151920693
2018_1104_1243,0.67882596832972
2018_1104_1246,0.5575489471630235
2018_1104_1257,0.6197491361823317
2018_1104_1260,0.8142379427568882
2018_1104_1274,0.6620638270193475
2018_1104_1276,0.596368650592624
2018_1104_1277,0.5331771220728632
2018_1104_1281,0.7542700635088759
2018_1104_1285,0.8894371131599735
2018_1104_1292,0.7677357885843681
2018_1104_1301,0.7165177403540134
2018_1104_1305,0.2538641818741016
2018_1104_1308,0.78369822430936
2018_1104_1311,0.9626331935958143
2018_1104_1314,0.5209700330932664
2018_1104_1326,0.5952925562183005
2018_1104_1328,0.4894422333327006
2018_1104_1344,0.718626745132522
2018_1104_1345,0.5304185577262878
2018_1104_1348,0.6730802806915052
2018_1104_1351,0.8941184046731957
2018_1104_1355,0.8352282071295244
2018_1104_1364,0.9154729119625291
2018_1104_1366,0.9715763209259434
2018_1104_1371,0.6522137015777658
2018_1104_1380,0.9778269148517219
2018_1104_1382,0.7794704034306468
2018_1104_1388,0.622109784924953
2018_1104_1393,0.29064767398433083
2018_1104_1395,0.2852500840518485
2018_1104_1397,0.63891562710226
2018_1104_1400,0.7216624487502716
2018_1104_1401,0.27540680012337704
2018_1104_1403,0.6349812625773898
2018_1104_1418,0.853495545508887
2018_1104_1436,0.8363802548323361
2018_1104_1437,0.49517546651245153
2018_1104_1438,0.5161770601978075
2018_1104_1439,0.6822266396690251
2018_1104_1447,0.9333130661363263
2018_1104_1452,0.5817299123449249
2018_1104_1455,0.592592237937365
2018_1104_1457,0.9286226365967886
2018_1104_1460,0.8990049255515277
2018_1104_1462,0.5603296537311047
2018_1112_1113,0.8445305519553266
2018_1112_1116,0.8029283577438476
2018_1112_1120,0.7762510887640535
2018_1112_1124,0.8011200419791873
2018_1112_1125,0.9304083253265656
2018_1112_1137,0.9487538519127956
2018_1112_1138,0.9270174788271162
2018_1112_1139,0.7688082523458746
2018_1112_1149,0.9889855118144013
2018_1112_1153,0.7511415412532051
2018_1112_1155,0.7995009968594449
2018_1112_1166,0.7960298627662963
2018_1112_1181,0.6360924424086356
2018_1112_1190,0.9413243664718544
2018_1112_1195,0.9678984440690227
2018_1112_1196,0.7770521862648969
2018_1112_1199,0.7802549939596942
2018_1112_1211,0.6779556006770598
2018_1112_1217,0.9722344381634394
2018_1112_1222,0.8543771216154319
2018_1112_1242,0.6554110837056107
2018_1112_1243,0.8039939717992051
2018_1112_1246,0.7088214491219561
2018_1112_1257,0.7586920021608601
2018_1112_1260,0.9095617623996972
2018_1112_1274,0.8101377581048651
2018_1112_1276,0.752097539674559
2018_1112_1277,0.2676941696591973
2018_1112_1281,0.8858199207775206
2018_1112_1285,0.9548887187823194
2018_1112_1292,0.9191495380539645
2018_1112_1301,0.8459015934390818
2018_1112_1305,0.8053582222589334
2018_1112_1308,0.8993208645098467
2018_1112_1311,0.9826474478786906
2018_1112_1314,0.66090996486569
2018_1112_1326,0.7516581186080576
2018_1112_1328,0.8388396259461891
2018_1112_1344,0.8483831063221464
2018_1112_1345,0.26004882779772515
2018_1112_1348,0.8397497833378407
2018_1112_1351,0.9601510188756157
2018_1112_1355,0.9289075673368523
2018_1112_1364,0.9585948536250379
2018_1112_1366,0.984065228689102
2018_1112_1371,0.800632153888494
2018_1112_1380,0.989083140107414
2018_1112_1382,0.8897944679510085
2018_1112_1388,0.7836977249190911
2018_1112_1393,0.8199742868264119
2018_1112_1395,0.8202088138088208
2018_1112_1397,0.789578022677343
2018_1112_1400,0.8524135313339393
2018_1112_1401,0.828772528850396
2018_1112_1403,0.7928315053778621
2018_1112_1418,0.9444550586868514
2018_1112_1436,0.9307538590609921
2018_1112_1437,0.6155280511490139
2018_1112_1438,0.6417194236309645
2018_1112_1439,0.8240654764702018
2018_1112_1447,0.977208024504589
2018_1112_1452,0.7287260179261228
2018_1112_1455,0.7579454550415348
2018_1112_1457,0.977907421746084
2018_1112_1460,0.9620655029693058
2018_1112_1462,0.6970897979829815
2018_1113_1116,0.25462894069953707
2018_1113_1120,0.6259660215292282
2018_1113_1124,0.6467323704121236
2018_1113_1125,0.8235482674979849
2018_1113_1137,0.8595170007287622
2018_1113_1138,0.8334114502252385
2018_1113_1139,0.6209944614771931
2018_1113_1149,0.9759975466291225
2018_1113_1153,0.5777492368634837
2018_1113_1155,0.6394821531168425
2018_1113_1166,0.6519635953296301
2018_1113_1181,0.5071223200793319
2018_1113_1190,0.8517430455524465
2018_1113_1195,0.8978027236146907
2018_1113_1196,0.6247432995925724
2018_1113_1199,0.6260656396167086
2018_1113_1211,0.524569341279931
2018_1113_1217,0.894930910481856
2018_1113_1222,0.7049431800399295
2018_1113_1242,0.508090349349143
2018_1113_1243,0.6626527949821178
2018_1113_1246,0.5518668891778394
2018_1113_1257,0.5986653317836197
2018_1113_1260,0.80314514681855
2018_1113_1274,0.6482426555802727
2018_1113_1276,0.5795899638695603
2018_1113_1277,0.5235079170510579
2018_1113_1281,0.7471939042364175
2018_1113_1285,0.8722470085492129
2018_1113_1292,0.3463920039653847
2018_1113_1301,0.712860736573556
2018_1113_1305,0.6348467115915004
2018_1113_1308,0.7726712352326652
2018_1113_1311,0.9630555310719007
2018_1113_1314,0.5134370604501762
2018_1113_1326,0.5975756635969247
2018_1113_1328,0.27290692897313296
2018_1113_1344,0.7015554031274519
2018_1113_1345,0.5268648915871055
2018_1113_1348,0.6832827996309394
2018_1113_1351,0.8921343802258981
2018_1113_1355,0.8318767247653287
2018_1113_1364,0.9017758464763663
2018_1113_1366,0.9728103234862091
2018_1113_1371,0.6463301281709847
2018_1113_1380,0.9689865075886738
2018_1113_1382,0.7578606563573688
2018_1113_1388,0.6107796680648954
2018_1113_1393,0.2694480995551908
2018_1113_1395,0.6910424607451355
2018_1113_1397,0.6243108832829585
2018_1113_1400,0.29228600966023743
2018_1113_1401,0.6591856268398866
2018_1113_1403,0.6257673225416049
2018_1113_1418,0.8330132337012149
2018_1113_1436,0.8111533381771033
2018_1113_1437,0.4804741297738202
2018_1113_1438,0.49588427826967213
2018_1113_1439,0.6737840501528405
2018_1113_1447,0.9480065655032651
2018_1113_1452,0.5722205289382724
2018_1113_1455,0.5868819076420577
2018_1113_1457,0.9166524869516615
2018_1113_1460,0.8788839828640695
2018_1113_1462,0.5467552979414936
2018_1116_1120,0.6794577139394056
2018_1116_1124,0.6888568773539337
2018_1116_1125,0.8764674789596817
2018_1116_1137,0.9029730512663202
2018_1116_1138,0.8756697138744615
2018_1116_1139,0.666664274910022
2018_1116_1149,0.9849349231953788
2018_1116_1153,0.621578806159271
2018_1116_1155,0.6884436412582375
2018_1116_1166,0.703523016137128
2018_1116_1181,0.5472884123624309
2018_1116_1190,0.8890665964097204
2018_1116_1195,0.9315868820636074
2018_1116_1196,0.6803069639308231
2018_1116_1199,0.6803166293810088
2018_1116_1211,0.5654194392213481
2018_1116_1217,0.937383966692551
2018_1116_1222,0.36951200110371435
2018_1116_1242,0.5447057059562501
2018_1116_1243,0.7116308328889023
2018_1116_1246,0.6015372813295667
2018_1116_1257,0.6643355786735455
2018_1116_1260,0.8432123828542071
2018_1116_1274,0.7024577521238445
2018_1116_1276,0.6456685072125713
2018_1116_1277,0.5738282308425464
2018_1116_1281,0.7764933694342189
2018_1116_1285,0.9146461261653149
2018_1116_1292,0.815711949507954
2018_1116_1301,0.7721648452767444
2018_1116_1305,0.2991016366758248
2018_1116_1308,0.8255862458903
2018_1116_1311,0.9739715668647821
2018_1116_1314,0.5577030511620324
2018_1116_1326,0.6480633023359073
2018_1116_1328,0.7346497434880578
2018_1116_1344,0.7646190536374119
2018_1116_1345,0.5700985376941659
2018_1116_1348,0.7290851797234092
2018_1116_1351,0.9267584121941954
2018_1116_1355,0.8710232261661636
2018_1116_1364,0.9333546976989104
2018_1116_1366,0.9786260790060454
2018_1116_1371,0.7068101094173889
2018_1116_1380,0.9817505668777057
2018_1116_1382,0.8244595043282764
2018_1116_1388,0.6593826187518987
2018_1116_1393,0.3362899954742559
2018_1116_1395,0.3286082506373227
2018_1116_1397,0.6815875877528722
2018_1116_1400,0.7691034404645656
2018_1116_1401,0.7160956676291749
2018_1116_1403,0.688242580297243
2018_1116_1418,0.8832643810248677
2018_1116_1436,0.8685841716544073
2018_1116_1437,0.5170830352213758
2018_1116_1438,0.5415572412918195
2018_1116_1439,0.7236254638887698
2018_1116_1447,0.9589408416758676
2018_1116_1452,0.634201294029383
2018_1116_1455,0.6398365499875518
2018_1116_1457,0.9501035416899403
2018_1116_1460,0.9270732659370701
2018_1116_1462,0.6030709969239821
2018_1120_1124,0.6929490967792555
2018_1120_1125,0.8569612282620176
2018_1120_1137,0.886773202597215
2018_1120_1138,0.8715165181221696
2018_1120_1139,0.6855793259838037
2018_1120_1149,0.9793878665786455
2018_1120_1153,0.65950857128452
2018_1120_1155,0.3197225692536922
2018_1120_1166,0.713390438494536
2018_1120_1181,0.5657116521648635
2018_1120_1190,0.8840313223078924
2018_1120_1195,0.9229841176000783
2018_1120_1196,0.2892166880612025
2018_1120_1199,0.6912881503544936
2018_1120_1211,0.5949526167667362
2018_1120_1217,0.9160434175252543
2018_1120_1222,0.780901682737362
2018_1120_1242,0.5628762093499808
2018_1120_1243,0.721637611055011
2018_1120_1246,0.6101498040760849
2018_1120_1257,0.663572077929063
2018_1120_1260,0.8422517840273979
2018_1120_1274,0.7120464920415752
2018_1120_1276,0.6639348985873211
2018_1120_1277,0.5756488736975932
2018_1120_1281,0.8112522440736656
2018_1120_1285,0.9061430735304247
2018_1120_1292,0.804540535127899
2018_1120_1301,0.7711008565056932
2018_1120_1305,0.723187013819549
2018_1120_1308,0.813401892601386
2018_1120_1311,0.971985612343994
2018_1120_1314,0.5624405507060382
2018_1120_1326,0.264613506750617
2018_1120_1328,0.7440170456020692
2018_1120_1344,0.7662971549659111
2018_1120_1345,0.5628770818023504
2018_1120_1348,0.7405335837718859
2018_1120_1351,0.9289360215492733
2018_1120_1355,0.8732268352551591
2018_1120_1364,0.934030765357506
2018_1120_1366,0.9771452576248183
2018_1120_1371,0.7118152275371747
2018_1120_1380,0.9747949839245599
2018_1120_1382,0.8148882574612948
2018_1120_1388,0.6772405382083599
2018_1120_1393,0.7223993894683799
2018_1120_1395,0.7530171834663155
2018_1120_1397,0.7031036221948177
2018_1120_1400,0.7634845258058562
2018_1120_1401,0.7340019979367471
2018_1120_1403,0.7008026107435777
2018_1120_1418,0.8749835857097259
2018_1120_1436,0.8550428930537064
2018_1120_1437,0.5144447726442821
2018_1120_1438,0.5487193124763873
2018_1120_1439,0.7451124905372266
2018_1120_1447,0.953755527058249
2018_1120_1452,0.646143366945741
2018_1120_1455,0.6577440533904368
2018_1120_1457,0.9293365627129956
2018_1120_1460,0.9043456752762487
2018_1120_1462,0.6073839785993668
2018_1124_1125,0.8792087554001843
2018_1124_1137,0.9007306370828962
2018_1124_1138,0.8850989882880118
2018_1124_1139,0.6691502964273777
2018_1124_1149,0.9853704586011869
2018_1124_1153,0.6324003355094722
2018_1124_1155,0.706886905744838
2018_1124_1166,0.6970161834024902
2018_1124_1181,0.5599011812118335
2018_1124_1190,0.8915182088249819
2018_1124_1195,0.9249928054000343
2018_1124_1196,0.6797953083931997
2018_1124_1199,0.2782986971099502
2018_1124_1211,0.5852802069455975
2018_1124_1217,0.9538864065487728
2018_1124_1222,0.7756427972779425
2018_1124_1242,0.5568980356407524
2018_1124_1243,0.7211376188875026
2018_1124_1246,0.2111229994860675
2018_1124_1257,0.2579942330103481
2018_1124_1260,0.8494953224760226
2018_1124_1274,0.7214106232473125
2018_1124_1276,0.24321484797430565
2018_1124_1277,0.1879379402758674
2018_1124_1281,0.791603425253674
2018_1124_1285,0.9191925823704845
2018_1124_1292,0.8533325789418024
2018_1124_1301,0.7736093267186201
2018_1124_1305,0.7164534959559428
2018_1124_1308,0.8254981678121202
2018_1124_1311,0.9674452127876059
2018_1124_1314,0.5561361909407989
2018_1124_1326,0.25835830701583945
2018_1124_1328,0.7364785096097076
2018_1124_1344,0.7572929195815689
2018_1124_1345,0.5834312220251863
2018_1124_1348,0.7415775178914099
2018_1124_1351,0.9262832365434053
2018_1124_1355,0.8774669393468947
2018_1124_1364,0.9311678293132971
2018_1124_1366,0.9779440364734872
2018_1124_1371,0.7019263785266283
2018_1124_1380,0.9820965162874119
2018_1124_1382,0.8309703316137225
2018_1124_1388,0.2765446529685218
2018_1124_1393,0.7418503576388288
2018_1124_1395,0.7193507426145672
2018_1124_1397,0.698952371042598
2018_1124_1400,0.768603908958714
2018_1124_1401,0.7198948400662033
2018_1124_1403,0.2913896433345451
2018_1124_1418,0.8899840990756518
2018_1124_1436,0.8767662573065859
2018_1124_1437,0.5346618113347749
2018_1124_1438,0.5653124764815806
2018_1124_1439,0.7263964890514232
2018_1124_1447,0.9582329058037105
2018_1124_1452,0.6336034659118499
2018_1124_1455,0.6448895282926674
2018_1124_1457,0.9534756304316008
2018_1124_1460,0.9318899611712951
2018_1124_1462,0.2092312612489966
2018_1125_1137,0.7397115511229593
2018_1125_1138,0.7143426513678727
2018_1125_1139,0.5053072554740713
2018_1125_1149,0.9538651133145569
2018_1125_1153,0.4811456103368996
2018_1125_1155,0.5445196770998479
2018_1125_1166,0.5191030908223124
2018_1125_1181,0.44086796528550376
2018_1125_1190,0.7378195935648101
2018_1125_1195,0.8043633702664564
2018_1125_1196,0.510697596849266
2018_1125_1199,0.5050815880126668
2018_1125_1211,0.455939298997553
2018_1125_1217,0.8297707576073017
2018_1125_1222,0.6100916611110051
2018_1125_1242,0.4494865060072208
2018_1125_1243,0.5385752132193009
2018_1125_1246,0.4687507997208205
2018_1125_1257,0.4930213308983575
2018_1125_1260,0.668678769291339
2018_1125_1274,0.5362561911447935
2018_1125_1276,0.49818798577576456
2018_1125_1277,0.45470083977984266
2018_1125_1281,0.631880725537746
2018_1125_1285,0.7879872865209111
2018_1125_1292,0.6643589264052567
2018_1125_1301,0.5830543548438709
2018_1125_1305,0.5508302822651526
2018_1125_1308,0.6562546870347661
2018_1125_1311,0.9018305362867415
2018_1125_1314,0.4527150253514412
2018_1125_1326,0.5072172557311055
2018_1125_1328,0.5793505493381677
2018_1125_1344,0.5705755578524632
2018_1125_1345,0.4537288712500692
2018_1125_1348,0.5643016126281353
2018_1125_1351,0.774407476848341
2018_1125_1355,0.7135547883299862
2018_1125_1364,0.8019950642864949
2018_1125_1366,0.9489045834915909
2018_1125_1371,0.5241522110361326
2018_1125_1380,0.9504776631052794
2018_1125_1382,0.6476548661567191
2018_1125_1388,0.5216934442658082
2018_1125_1393,0.5358842867933945
2018_1125_1395,0.5750942232280062
2018_1125_1397,0.5368552419676116
2018_1125_1400,0.5783259467329612
2018_1125_1401,0.5497986473852214
2018_1125_1403,0.5412302229760081
2018_1125_1418,0.33573830078747824
2018_1125_1436,0.7009560213987637
2018_1125_1437,0.43127527815514455
2018_1125_1438,0.44782631321174765
2018_1125_1439,0.5570425115499299
2018_1125_1447,0.8642368088764076
2018_1125_1452,0.4793810392179385
2018_1125_1455,0.49337750578384215
2018_1125_1457,0.8430903124803916
2018_1125_1460,0.7832562141149806
2018_1125_1462,0.4792690985805168
2018_1137_1138,0.6846774884091094
2018_1137_1139,0.4821458113459787
2018_1137_1149,0.9409106765616436
2018_1137_1153,0.46309546124014256
2018_1137_1155,0.5149008658740449
2018_1137_1166,0.506882475367716
2018_1137_1181,0.4294269038078214
2018_1137_1190,0.7063410900977434
2018_1137_1195,0.7733923932206723
2018_1137_1196,0.4935624445786567
2018_1137_1199,0.4942081740006243
2018_1137_1211,0.4383185723842964
2018_1137_1217,0.7906690025540014
2018_1137_1222,0.5811125400903223
2018_1137_1242,0.4362732586092375
2018_1137_1243,0.5166741490273185
2018_1137_1246,0.45740349516476175
2018_1137_1257,0.48485624763855323
2018_1137_1260,0.628657487961999
2018_1137_1274,0.5214245602152987
2018_1137_1276,0.47489229998232385
2018_1137_1277,0.44330771355987364
2018_1137_1281,0.5988284235704292
2018_1137_1285,0.7540963503253292
2018_1137_1292,0.6344048833647762
2018_1137_1301,0.5507950327018096
2018_1137_1305,0.5089822026932651
2018_1137_1308,0.609617107883692
2018_1137_1311,0.8822962387450255
2018_1137_1314,0.43622191267816623
2018_1137_1326,0.4833886093087803
2018_1137_1328,0.5527273785497178
2018_1137_1344,0.5422589860691669
2018_1137_1345,0.43619888562468295
2018_1137_1348,0.5326033250544022
2018_1137_1351,0.7462669048181889
2018_1137_1355,0.6906513344752474
2018_1137_1364,0.7748645076700772
2018_1137_1366,0.9334893254471628
2018_1137_1371,0.4996098585252998
2018_1137_1380,0.9399451907577985
2018_1137_1382,0.6151582514217792
2018_1137_1388,0.5021165724614942
2018_1137_1393,0.5138386323717079
2018_1137_1395,0.5459878805142537
2018_1137_1397,0.5094438335711742
2018_1137_1400,0.5458840759027589
2018_1137_1401,0.5259607065858194
2018_1137_1403,0.5109326276296555
2018_1137_1418,0.2954663863865038
2018_1137_1436,0.6436406871202782
2018_1137_1437,0.42332318169538397
2018_1137_1438,0.4344289255330081
2018_1137_1439,0.5293753921008499
2018_1137_1447,0.829555484764707
2018_1137_1452,0.46276828496452443
2018_1137_1455,0.46529742709744576
2018_1137_1457,0.8061220254239907
2018_1137_1460,0.7419290105614957
2018_1137_1462,0.4525416362941737
2018_1138_1139,0.5132315185144035
2018_1138_1149,0.9460402728244949
2018_1138_1153,0.4772012771429396
2018_1138_1155,0.5281713700815917
2018_1138_1166,0.5242019370471738
2018_1138_1181,0.4396657900568801
2018_1138_1190,0.7142322763195157
2018_1138_1195,0.7941664544288123
2018_1138_1196,0.5152511565673731
2018_1138_1199,0.5090899140869802
2018_1138_1211,0.4576255481880679
2018_1138_1217,0.8106687952075902
2018_1138_1222,0.5896729901125911
2018_1138_1242,0.44198227115344674
2018_1138_1243,0.5387084427201991
2018_1138_1246,0.4818680681832367
2018_1138_1257,0.4979797473678774
2018_1138_1260,0.6508840235160896
2018_1138_1274,0.546843188850119
2018_1138_1276,0.49235084986060285
2018_1138_1277,0.447538723086793
2018_1138_1281,0.6225123183735032
2018_1138_1285,0.7736116401138025
2018_1138_1292,0.6426039936634927
2018_1138_1301,0.5982494154091841
2018_1138_1305,0.5369910927903523
2018_1138_1308,0.62791538044601
2018_1138_1311,0.8957822252048651
2018_1138_1314,0.4454868466085816
2018_1138_1326,0.492921818255151
2018_1138_1328,0.5600583265974032
2018_1138_1344,0.575007352470944
2018_1138_1345,0.450430969097272
2018_1138_1348,0.5620341056456152
2018_1138_1351,0.7678993444755028
2018_1138_1355,0.29773975121802687
2018_1138_1364,0.8000305743966609
2018_1138_1366,0.946847993594919
2018_1138_1371,0.5271625703588653
2018_1138_1380,0.9415748944946962
2018_1138_1382,0.6252749497371638
2018_1138_1388,0.5152350974775143
2018_1138_1393,0.5433287325220282
2018_1138_1395,0.5570117765819351
2018_1138_1397,0.5234794166647067
2018_1138_1400,0.5665142205714375
2018_1138_1401,0.5461375425329642
2018_1138_1403,0.5193783295991033
2018_1138_1418,0.5083328348561382
2018_1138_1436,0.27726183060080295
2018_1138_1437,0.4276225460914935
2018_1138_1438,0.44019409702118883
2018_1138_1439,0.5654852029290742
2018_1138_1447,0.8606880698268418
2018_1138_1452,0.4757904904466477
2018_1138_1455,0.4910887429286035
2018_1138_1457,0.8382218681593497
2018_1138_1460,0.7668462805763698
2018_1138_1462,0.47026298271815375
2018_1139_1149,0.9866134107872968
2018_1139_1153,0.646150061517399
2018_1139_1155,0.7266118750355175
2018_1139_1166,0.7396863807628338
2018_1139_1181,0.575173183727963
2018_1139_1190,0.9138039043408924
2018_1139_1195,0.9422171014051374
2018_1139_1196,0.7024182527169461
2018_1139_1199,0.31732846957650035
2018_1139_1211,0.5993902674709378
2018_1139_1217,0.9539622462974322
2018_1139_1222,0.8081302754447821
2018_1139_1242,0.5707552991752934
2018_1139_1243,0.7466766793195516
2018_1139_1246,0.628468804490326
2018_1139_1257,0.7024134727570767
2018_1139_1260,0.8752472871947801
2018_1139_1274,0.7476427944128723
2018_1139_1276,0.2804951596390485
2018_1139_1277,0.5895278275777789
2018_1139_1281,0.843150976951879
2018_1139_1285,0.9273682797752096
2018_1139_1292,0.84884268251857
2018_1139_1301,0.7938188200894318
2018_1139_1305,0.7454014739806682
2018_1139_1308,0.8421173546753278
2018_1139_1311,0.975279406263098
2018_1139_1314,0.5760066869255998
2018_1139_1326,0.2839815866608374
2018_1139_1328,0.7589262250292071
2018_1139_1344,0.7785042108246761
2018_1139_1345,0.5944470802629649
2018_1139_1348,0.7792761732704431
2018_1139_1351,0.9401698740579942
2018_1139_1355,0.8954412195958038
2018_1139_1364,0.9500017955491302
2018_1139_1366,0.9816917653604562
2018_1139_1371,0.7375643744169293
2018_1139_1380,0.9844645696867693
2018_1139_1382,0.8549541101912005
2018_1139_1388,0.29588051021553247
2018_1139_1393,0.7554364364754038
2018_1139_1395,0.7594443438694224
2018_1139_1397,0.7155895567991852
2018_1139_1400,0.8016399706039156
2018_1139_1401,0.7457522661960831
2018_1139_1403,0.32531303922998644
2018_1139_1418,0.9033853080504641
2018_1139_1436,0.8903550708002409
2018_1139_1437,0.5429000069552666
2018_1139_1438,0.5663320397263913
2018_1139_1439,0.768867133649273
2018_1139_1447,0.9667340700043573
2018_1139_1452,0.6574785712068788
2018_1139_1455,0.6698761267285069
2018_1139_1457,0.9600816885429657
2018_1139_1460,0.943290378794825
2018_1139_1462,0.21395399432433154
2018_1149_1153,0.41320774348389744
2018_1149_1155,0.41667901038055544
2018_1149_1166,0.41486134049564677
2018_1149_1181,0.4092333294771116
2018_1149_1190,0.4621814588000579
2018_1149_1195,0.48492256960268665
2018_1149_1196,0.4137986624915979
2018_1149_1199,0.4131646560135501
2018_1149_1211,0.41044010092228955
2018_1149_1217,0.5083389002305383
2018_1149_1222,0.4227905360364207
2018_1149_1242,0.4090247872516721
2018_1149_1243,0.4169312820367675
2018_1149_1246,0.4120053942368748
2018_1149_1257,0.41285185666577084
2018_1149_1260,0.44345657613714984
2018_1149_1274,0.4148483918206384
2018_1149_1276,0.4122286944150622
2018_1149_1277,0.40934581619038957
2018_1149_1281,0.4324241169712944
2018_1149_1285,0.4748498964886882
2018_1149_1292,0.4444846114761804
2018_1149_1301,0.4199363183757394
2018_1149_1305,0.41739761003927606
2018_1149_1308,0.4292993382069426
2018_1149_1311,0.5906964405393468
2018_1149_1314,0.4096711439731273
2018_1149_1326,0.41279243346504724
2018_1149_1328,0.4194835877684393
2018_1149_1344,0.4198666779052842
2018_1149_1345,0.4094105488927558
2018_1149_1348,0.41998042513252454
2018_1149_1351,0.4891509834755113
2018_1149_1355,0.4495986244370229
2018_1149_1364,0.506682656296322
2018_1149_1366,0.6871136196865002
2018_1149_1371,0.4147704963091227
2018_1149_1380,0.2920457477992996
2018_1149_1382,0.42952456491976737
2018_1149_1388,0.41341873654758454
2018_1149_1393,0.41600498936694
2018_1149_1395,0.42099960517677937
2018_1149_1397,0.41581680194413506
2018_1149_1400,0.41962999874164847
2018_1149_1401,0.4163033093750147
2018_1149_1403,0.41691581371892117
2018_1149_1418,0.4686650907293921
2018_1149_1436,0.4433271419164262
2018_1149_1437,0.4088861164042281
2018_1149_1438,0.41032729535858337
2018_1149_1439,0.4169254423791765
2018_1149_1447,0.5468514845951937
2018_1149_1452,0.41125687925692483
2018_1149_1455,0.4124544160830847
2018_1149_1457,0.5191263692430943
2018_1149_1460,0.4789104617346297
2018_1149_1462,0.4114014578426065
2018_1153_1155,0.7736613017601441
2018_1153_1166,0.7701190302849068
2018_1153_1181,0.198603182259875
2018_1153_1190,0.933776879191739
2018_1153_1195,0.9543437374822584
2018_1153_1196,0.7536748746988337
2018_1153_1199,0.7479849959168594
2018_1153_1211,0.6409919831565742
2018_1153_1217,0.9624663674758117
2018_1153_1222,0.8326332252434613
2018_1153_1242,0.19953212412914043
2018_1153_1243,0.7787462502148719
2018_1153_1246,0.6612442943755438
2018_1153_1257,0.7158606505053413
2018_1153_1260,0.8917215625168882
2018_1153_1274,0.7806097837629319
2018_1153_1276,0.7195450987846956
2018_1153_1277,0.22483585405742626
2018_1153_1281,0.8732367220621617
2018_1153_1285,0.9472889037828607
2018_1153_1292,0.8816103379325575
2018_1153_1301,0.8245629666993008
2018_1153_1305,0.7878651552057239
2018_1153_1308,0.8637957913563934
2018_1153_1311,0.9783435911478701
2018_1153_1314,0.20186144240246995
2018_1153_1326,0.7234167557984521
2018_1153_1328,0.8142968631832573
2018_1153_1344,0.8329429996260542
2018_1153_1345,0.6283080915077888
2018_1153_1348,0.8012901213703839
2018_1153_1351,0.9511572138706926
2018_1153_1355,0.9106350187815606
2018_1153_1364,0.9614192663157126
2018_1153_1366,0.9784910657548626
2018_1153_1371,0.7701930482167636
2018_1153_1380,0.9872371479638274
2018_1153_1382,0.8653575997427384
2018_1153_1388,0.7352831584773729
2018_1153_1393,0.7915201299124087
2018_1153_1395,0.7982367755036941
2018_1153_1397,0.775540480123007
2018_1153_1400,0.8422907426424637
2018_1153_1401,0.8093432918877157
2018_1153_1403,0.7594231702040702
2018_1153_1418,0.9217442194818746
2018_1153_1436,0.9106142616551653
2018_1153_1437,0.5767684398831754
2018_1153_1438,0.6086347476518548
2018_1153_1439,0.798211976276702
2018_1153_1447,0.9717784748073229
2018_1153_1452,0.6970454203591951
2018_1153_1455,0.7049377105635934
2018_1153_1457,0.9661246082403135
2018_1153_1460,0.9512695386523513
2018_1153_1462,0.6753601369831295
2018_1155_1166,0.6926473903006691
2018_1155_1181,0.533798336777733
2018_1155_1190,0.8860537422631254
2018_1155_1195,0.9315761816358001
2018_1155_1196,0.27323926326328124
2018_1155_1199,0.6776616038171738
2018_1155_1211,0.5668987057585895
2018_1155_1217,0.9362535969329331
2018_1155_1222,0.7693489894196125
2018_1155_1242,0.5445727830260182
2018_1155_1243,0.7177010373754382
2018_1155_1246,0.6132710822955365
2018_1155_1257,0.6537658556751802
2018_1155_1260,0.8537310593928165
2018_1155_1274,0.7121503464996107
2018_1155_1276,0.6399196209156417
2018_1155_1277,0.5583323140444267
2018_1155_1281,0.800536830990737
2018_1155_1285,0.9072667822641012
2018_1155_1292,0.8210780127828354
2018_1155_1301,0.7526797841832272
2018_1155_1305,0.30780100169399427
2018_1155_1308,0.811093392542446
2018_1155_1311,0.9704295137896569
2018_1155_1314,0.5485793456586575
2018_1155_1326,0.24492369930951835
2018_1155_1328,0.7388025434244523
2018_1155_1344,0.7484885478472615
2018_1155_1345,0.5533423965915821
2018_1155_1348,0.7288862685533363
2018_1155_1351,0.9171270227341847
2018_1155_1355,0.8711572246028741
2018_1155_1364,0.9209894002331136
2018_1155_1366,0.976852911482083
2018_1155_1371,0.2951309443334292
2018_1155_1380,0.98154975131495
2018_1155_1382,0.8158230895997921
2018_1155_1388,0.6480116027625534
2018_1155_1393,0.709086672809077
2018_1155_1395,0.7402045602686413
2018_1155_1397,0.7073884995312927
2018_1155_1400,0.7543703308452568
2018_1155_1401,0.7181923371735661
2018_1155_1403,0.679359218049108
2018_1155_1418,0.8741229501625771
2018_1155_1436,0.8572961197878403
2018_1155_1437,0.5079053654834675
2018_1155_1438,0.5446931817207141
2018_1155_1439,0.7306687197320372
2018_1155_1447,0.9575557545882758
2018_1155_1452,0.6377655694852654
2018_1155_1455,0.6477594398362801
2018_1155_1457,0.9413437464196995
2018_1155_1460,0.919488420467071
2018_1155_1462,0.5897894902774894
2018_1166_1181,0.5466006676640895
2018_1166_1190,0.8981210564184507
2018_1166_1195,0.93979238949266
2018_1166_1196,0.268948258063809
2018_1166_1199,0.6750784906510178
2018_1166_1211,0.559695125570143
2018_1166_1217,0.9441740283050102
2018_1166_1222,0.7735576486863176
2018_1166_1242,0.550891970135654
2018_1166_1243,0.7109098907738031
2018_1166_1246,0.6014229535750895
2018_1166_1257,0.6590778838141371
2018_1166_1260,0.8555196216167198
2018_1166_1274,0.305754984223949
2018_1166_1276,0.23790204329404835
2018_1166_1277,0.5722225719029768
2018_1166_1281,0.7930762986769152
2018_1166_1285,0.9156121325955762
2018_1166_1292,0.8310276693550058
2018_1166_1301,0.7531610546963721
2018_1166_1305,0.3179640737519105
2018_1166_1308,0.8208898198707811
2018_1166_1311,0.9717371753470241
2018_1166_1314,0.5588345155830226
2018_1166_1326,0.23919908777581306
2018_1166_1328,0.7362908379893526
2018_1166_1344,0.7525452038489651
2018_1166_1345,0.5702484468269113
2018_1166_1348,0.7357199243754525
2018_1166_1351,0.9253899221690944
2018_1166_1355,0.8703236356688558
2018_1166_1364,0.9368379946186617
2018_1166_1366,0.9817968822911298
2018_1166_1371,0.29532017369484753
2018_1166_1380,0.9811373837504564
2018_1166_1382,0.8219036642770439
2018_1166_1388,0.26329651482100463
2018_1166_1393,0.725525893462572
2018_1166_1395,0.7294566438474068
2018_1166_1397,0.6770071218713897
2018_1166_1400,0.7596605311914317
2018_1166_1401,0.7200416210622864
2018_1166_1403,0.27538177979067574
2018_1166_1418,0.8836697712926509
2018_1166_1436,0.8655254297727204
2018_1166_1437,0.5255397051220362
2018_1166_1438,0.5494516175271535
2018_1166_1439,0.7322255033156628
2018_1166_1447,0.9557245417048755
2018_1166_1452,0.6197413049350622
2018_1166_1455,0.6385612486679669
2018_1166_1457,0.9511424356438913
2018_1166_1460,0.9274267287277603
2018_1166_1462,0.19800380122488942
2018_1181_1190,0.9668749717004992
2018_1181_1195,0.9782950823358091
2018_1181_1196,0.8213970998719595
2018_1181_1199,0.8299165285524348
2018_1181_1211,0.74346702571793
2018_1181_1217,0.9801899243196868
2018_1181_1222,0.9050978766420293
2018_1181_1242,0.6952352301909368
2018_1181_1243,0.8676723018617863
2018_1181_1246,0.7628207382188172
2018_1181_1257,0.8047974115790153
2018_1181_1260,0.9467370478127082
2018_1181_1274,0.8532092409279277
2018_1181_1276,0.8100094988812989
2018_1181_1277,0.31173692798883634
2018_1181_1281,0.9114806635613882
2018_1181_1285,0.9737522415098568
2018_1181_1292,0.933292050455366
2018_1181_1301,0.893370138776262
2018_1181_1305,0.860174023968299
2018_1181_1308,0.9270212080219532
2018_1181_1311,0.9873675281366772
2018_1181_1314,0.713430498171413
2018_1181_1326,0.8009116408604221
2018_1181_1328,0.8859509652902842
2018_1181_1344,0.8908491569119987
2018_1181_1345,0.7075612394661244
2018_1181_1348,0.8752743398605622
2018_1181_1351,0.9770090827598504
2018_1181_1355,0.9633860499745368
2018_1181_1364,0.9797858703870437
2018_1181_1366,0.9891008515571871
2018_1181_1371,0.8577337864200445
2018_1181_1380,0.9900587676265824
2018_1181_1382,0.9324111877815157
2018_1181_1388,0.8468750047085443
2018_1181_1393,0.8614407555142198
2018_1181_1395,0.867512022307259
2018_1181_1397,0.8375676530342814
2018_1181_1400,0.8952550836058697
2018_1181_1401,0.8634555944943627
2018_1181_1403,0.8299976223726816
2018_1181_1418,0.9549413675476388
2018_1181_1436,0.9584638403426383
2018_1181_1437,0.65404552424396
2018_1181_1438,0.2749524487751916
2018_1181_1439,0.8806615379750882
2018_1181_1447,0.98330048787611
2018_1181_1452,0.7903589639704696
2018_1181_1455,0.8019484751450692
2018_1181_1457,0.9825678134220028
2018_1181_1460,0.9750985780537939
2018_1181_1462,0.7418651595319364
2018_1190_1195,0.7640895629627076
2018_1190_1196,0.48879743901593925
2018_1190_1199,0.49134057789196883
2018_1190_1211,0.4445684608025506
2018_1190_1217,0.8074548585226753
2018_1190_1222,0.561753462337825
2018_1190_1242,0.4359540333489585
2018_1190_1243,0.5191722268587438
2018_1190_1246,0.46004265900589425
2018_1190_1257,0.48120640063414594
2018_1190_1260,0.6360060066848406
2018_1190_1274,0.5217511954158982
2018_1190_1276,0.4810967226129367
2018_1190_1277,0.4356003388263903
2018_1190_1281,0.5902524045275053
2018_1190_1285,0.74926398099235
2018_1190_1292,0.6297256514879885
2018_1190_1301,0.562590066643986
2018_1190_1305,0.5159951464514221
2018_1190_1308,0.6197381093832512
2018_1190_1311,0.8740015253241898
2018_1190_1314,0.44269137479245185
2018_1190_1326,0.48012393971902867
2018_1190_1328,0.5432037642469674
2018_1190_1344,0.548373725525328
2018_1190_1345,0.4383404800309997
2018_1190_1348,0.52945035889571
2018_1190_1351,0.7500460449023789
2018_1190_1355,0.6780399592389503
2018_1190_1364,0.7751955758089764
2018_1190_1366,0.9363655609129827
2018_1190_1371,0.5011075739092907
2018_1190_1380,0.9332140657763428
2018_1190_1382,0.6090688303039938
2018_1190_1388,0.49841110515709997
2018_1190_1393,0.5174177958977517
2018_1190_1395,0.536224246377002
2018_1190_1397,0.5085894611418776
2018_1190_1400,0.5444202451574424
2018_1190_1401,0.538927317270673
2018_1190_1403,0.5054031232280732
2018_1190_1418,0.28252211384283243
2018_1190_1436,0.6631743897884477
2018_1190_1437,0.42524659605451987
2018_1190_1438,0.43567585026233385
2018_1190_1439,0.5324581640632085
2018_1190_1447,0.8258757417488265
2018_1190_1452,0.46349736031598515
2018_1190_1455,0.4688423431484856
2018_1190_1457,0.8102611953335696
2018_1190_1460,0.7415817716141658
2018_1190_1462,0.459896130011214
2018_1195_1196,0.46721579235076943
2018_1195_1199,0.45865399759598297
2018_1195_1211,0.4264888402687085
2018_1195_1217,0.7277030392837378
2018_1195_1222,0.5151958943263251
2018_1195_1242,0.4220549669352789
2018_1195_1243,0.4863497975119093
2018_1195_1246,0.44697231200444726
2018_1195_1257,0.457621329133107
2018_1195_1260,0.5801340826215741
2018_1195_1274,0.4813637490608071
2018_1195_1276,0.45102984408269187
2018_1195_1277,0.42939503298005777
2018_1195_1281,0.5542861300208425
2018_1195_1285,0.2767250259107396
2018_1195_1292,0.5578479560721735
2018_1195_1301,0.5073051945204634
2018_1195_1305,0.486398889839822
2018_1195_1308,0.5618893474248715
2018_1195_1311,0.8204060854866168
2018_1195_1314,0.42170121415139245
2018_1195_1326,0.4515941081362485
2018_1195_1328,0.4966779087163266
2018_1195_1344,0.5141808647507412
2018_1195_1345,0.42504464493153593
2018_1195_1348,0.4945274536500478
2018_1195_1351,0.6767323109117227
2018_1195_1355,0.6102919732439597
2018_1195_1364,0.7058557358399014
2018_1195_1366,0.9118145756175057
2018_1195_1371,0.47338507020330245
2018_1195_1380,0.9094395318716373
2018_1195_1382,0.5477520737665189
2018_1195_1388,0.4591321937501468
2018_1195_1393,0.48337312023885215
2018_1195_1395,0.5060771196737991
2018_1195_1397,0.47610927318417756
2018_1195_1400,0.5040693960176497
2018_1195_1401,0.4889058402519627
2018_1195_1403,0.47100751080253717
2018_1195_1418,0.6314767050973451
2018_1195_1436,0.5937434781261208
2018_1195_1437,0.41747630251504
2018_1195_1438,0.4243849345633362
2018_1195_1439,0.4847158699164942
2018_1195_1447,0.7620933551100023
2018_1195_1452,0.43643870779664373
2018_1195_1455,0.44776183226786925
2018_1195_1457,0.7447241709579538
2018_1195_1460,0.2593714328435429
2018_1195_1462,0.4434960802271716
2018_1196_1199,0.7061493178633322
2018_1196_1211,0.5851248467174338
2018_1196_1217,0.9559573842995923
2018_1196_1222,0.797028086258198
2018_1196_1242,0.5580967389486043
2018_1196_1243,0.7448188150763576
2018_1196_1246,0.6179285016007633
2018_1196_1257,0.6808707562381392
2018_1196_1260,0.86604684830135
2018_1196_1274,0.724701291003173
2018_1196_1276,0.2444682295697243
2018_1196_1277,0.5984588070922943
2018_1196_1281,0.8194789880476763
2018_1196_1285,0.9251627001089743
2018_1196_1292,0.8531179604553409
2018_1196_1301,0.7853372103546188
2018_1196_1305,0.33466723876716586
2018_1196_1308,0.8375389359680665
2018_1196_1311,0.9724577759501442
2018_1196_1314,0.5737664969537739
2018_1196_1326,0.26638608415417314
2018_1196_1328,0.7497983233962795
2018_1196_1344,0.7857001939272564
2018_1196_1345,0.5927521232575736
2018_1196_1348,0.360895726898818
2018_1196_1351,0.9293629896863685
2018_1196_1355,0.8883186047712716
2018_1196_1364,0.934982489974469
2018_1196_1366,0.9807124539039804
2018_1196_1371,0.7179797906783109
2018_1196_1380,0.9848892120137497
2018_1196_1382,0.854172531172398
2018_1196_1388,0.2981343840625378
2018_1196_1393,0.7480963567912652
2018_1196_1395,0.7385797879439806
2018_1196_1397,0.706285843231767
2018_1196_1400,0.77828853987685
2018_1196_1401,0.7464881255689043
2018_1196_1403,0.3075582638631713
2018_1196_1418,0.8962993539791756
2018_1196_1436,0.884655274354718
2018_1196_1437,0.5477259045347216
2018_1196_1438,0.5739785377794833
2018_1196_1439,0.7498022461617009
2018_1196_1447,0.955927323368993
2018_1196_1452,0.6473272881441064
2018_1196_1455,0.65017364836497
2018_1196_1457,0.9581709230166382
2018_1196_1460,0.9333478330955342
2018_1196_1462,0.2190202723560801
2018_1199_1211,0.5896595884144941
2018_1199_1217,0.9534523124280971
2018_1199_1222,0.7925137287864782
2018_1199_1242,0.5765151017729504
2018_1199_1243,0.7486321653058063
2018_1199_1246,0.618109619224621
2018_1199_1257,0.2889393427699281
2018_1199_1260,0.8585933850178105
2018_1199_1274,0.7441210643233096
2018_1199_1276,0.25952339748973063
2018_1199_1277,0.5946109822168046
2018_1199_1281,0.8284156433788958
2018_1199_1285,0.9265817663957551
2018_1199_1292,0.8514019780225864
2018_1199_1301,0.7934705779303222
2018_1199_1305,0.7180755371413443
2018_1199_1308,0.8402307666646263
2018_1199_1311,0.9753020867346635
2018_1199_1314,0.5846047601197749
2018_1199_1326,0.27679520409888947
2018_1199_1328,0.7529843226419264
2018_1199_1344,0.7749797632419231
2018_1199_1345,0.5877260357391326
2018_1199_1348,0.7615792420582208
2018_1199_1351,0.9340239802797765
2018_1199_1355,0.8906870401567367
2018_1199_1364,0.939459948281993
2018_1199_1366,0.9831035781024295
2018_1199_1371,0.7227160356852749
2018_1199_1380,0.9843317928088446
2018_1199_1382,0.8469301169556718
2018_1199_1388,0.2927187884792967
2018_1199_1393,0.7524762652629955
2018_1199_1395,0.7485892129244238
2018_1199_1397,0.7176854910939818
2018_1199_1400,0.7847412388457023
2018_1199_1401,0.739131788581552
2018_1199_1403,0.7160321247819825
2018_1199_1418,0.9004122167820051
2018_1199_1436,0.8832999666299657
2018_1199_1437,0.5408855517640202
2018_1199_1438,0.5678058353148714
2018_1199_1439,0.7620466512391914
2018_1199_1447,0.9670145534542359
2018_1199_1452,0.6506189597245046
2018_1199_1455,0.6698909136927278
2018_1199_1457,0.9586660545746861
2018_1199_1460,0.9432349033384662
2018_1199_1462,0.2133301313764761
2018_1211_1217,0.9746018756337685
2018_1211_1222,0.8741114282526579
2018_1211_1242,0.673284746322474
2018_1211_1243,0.8356843783712655
2018_1211_1246,0.7341045487484443
2018_1211_1257,0.7796587507638042
2018_1211_1260,0.910109152302839
2018_1211_1274,0.8258306764051154
2018_1211_1276,0.7658135156884147
2018_1211_1277,0.6920427532178309
2018_1211_1281,0.9056143481980969
2018_1211_1285,0.9645774299439805
2018_1211_1292,0.9222820468883055
2018_1211_1301,0.8802377655947554
2018_1211_1305,0.8310589495361542
2018_1211_1308,0.9061939620288535
2018_1211_1311,0.9842820283570131
2018_1211_1314,0.677960667741263
2018_1211_1326,0.7749404356861893
2018_1211_1328,0.8660050421519617
2018_1211_1344,0.8800596427309417
2018_1211_1345,0.6947699855337708
2018_1211_1348,0.8465741844500465
2018_1211_1351,0.966170284814337
2018_1211_1355,0.9358699295844205
2018_1211_1364,0.9712200449353312
2018_1211_1366,0.9845005646088705
2018_1211_1371,0.8288844020539429
2018_1211_1380,0.9889438347018448
2018_1211_1382,0.9076700856970097
2018_1211_1388,0.7992641914442186
2018_1211_1393,0.8425733818042314
2018_1211_1395,0.8538766898663989
2018_1211_1397,0.8216308612297509
2018_1211_1400,0.8806076652199326
2018_1211_1401,0.8617466460164411
2018_1211_1403,0.8042180258920226
2018_1211_1418,0.9429438501370346
2018_1211_1436,0.9276060394182146
2018_1211_1437,0.6303920320757656
2018_1211_1438,0.6579116489635045
2018_1211_1439,0.8436454285689774
2018_1211_1447,0.9800262099904702
2018_1211_1452,0.7704622153808475
2018_1211_1455,0.7622648121529703
2018_1211_1457,0.9755932085655634
2018_1211_1460,0.9679965615948045
2018_1211_1462,0.7125345073376845
2018_1217_1222,0.5027594797247524
2018_1217_1242,0.41670586957996364
2018_1217_1243,0.4704780620362096
2018_1217_1246,0.42756737266336853
2018_1217_1257,0.43685079874449667
2018_1217_1260,0.5650456796075322
2018_1217_1274,0.45526505393620864
2018_1217_1276,0.4384548067067707
2018_1217_1277,0.4297944019615462
2018_1217_1281,0.5484237397434485
2018_1217_1285,0.24119482827183125
2018_1217_1292,0.5335309606724662
2018_1217_1301,0.49485948603082586
2018_1217_1305,0.47921760745825204
2018_1217_1308,0.5326628790805624
2018_1217_1311,0.775229969351172
2018_1217_1314,0.41859996223915286
2018_1217_1326,0.4535848936284962
2018_1217_1328,0.48504154108239234
2018_1217_1344,0.485938913870808
2018_1217_1345,0.4263271516036563
2018_1217_1348,0.4855432806876924
2018_1217_1351,0.25346395260444676
2018_1217_1355,0.5826225700723634
2018_1217_1364,0.6764908182682188
2018_1217_1366,0.8705024621244846
2018_1217_1371,0.4603038867146199
2018_1217_1380,0.8935788414900411
2018_1217_1382,0.5296864650515606
2018_1217_1388,0.4516846835395453
2018_1217_1393,0.47145706818245636
2018_1217_1395,0.4919212360217555
2018_1217_1397,0.4686864185235754
2018_1217_1400,0.49227880473362434
2018_1217_1401,0.46982627115995995
2018_1217_1403,0.4757912262079008
2018_1217_1418,0.20794284236553726
2018_1217_1436,0.5681045639800587
2018_1217_1437,0.4170269808616428
2018_1217_1438,0.42343589989402386
2018_1217_1439,0.4762864616580335
2018_1217_1447,0.7314737471148676
2018_1217_1452,0.4339650329463945
2018_1217_1455,0.43458764043204035
2018_1217_1457,0.7030795554883298
2018_1217_1460,0.2234947985667412
2018_1217_1462,0.4393048116830276
2018_1222_1242,0.49173902206884446
2018_1222_1243,0.6564778166949606
2018_1222_1246,0.5477668342830614
2018_1222_1257,0.5936216837061391
2018_1222_1260,0.7758943597613147
2018_1222_1274,0.645089852698688
2018_1222_1276,0.5847791859219551
2018_1222_1277,0.5169497919802344
2018_1222_1281,0.7381223266309401
2018_1222_1285,0.8703423661706533
2018_1222_1292,0.7643498245393808
2018_1222_1301,0.6888469217062767
2018_1222_1305,0.2288581425848839
2018_1222_1308,0.7418137209772959
2018_1222_1311,0.9556649099850174
2018_1222_1314,0.49856937255579864
2018_1222_1326,0.17768620993243106
2018_1222_1328,0.665200751922735
2018_1222_1344,0.683105009994657
2018_1222_1345,0.5094081884478806
2018_1222_1348,0.6549866818465063
2018_1222_1351,0.8775436596068563
2018_1222_1355,0.8085977443934379
2018_1222_1364,0.8875830516982511
2018_1222_1366,0.966398592829129
2018_1222_1371,0.6217825106356468
2018_1222_1380,0.9720524153268024
2018_1222_1382,0.7547899916636849
2018_1222_1388,0.5874535754447702
2018_1222_1393,0.6382405991098863
2018_1222_1395,0.2669207364096109
2018_1222_1397,0.2242047406825527
2018_1222_1400,0.6877329054113669
2018_1222_1401,0.6586174408196993
2018_1222_1403,0.6211359369791052
2018_1222_1418,0.8239064217962941
2018_1222_1436,0.7982699553207858
2018_1222_1437,0.47324198664484435
2018_1222_1438,0.48947314728273567
2018_1222_1439,0.6620712566614044
2018_1222_1447,0.9286710735870006
2018_1222_1452,0.568163645065762
2018_1222_1455,0.5839357687130647
2018_1222_1457,0.9091026876677719
2018_1222_1460,0.8687037774030328
2018_1222_1462,0.5454017271730678
2018_1242_1243,0.8685403960669693
2018_1242_1246,0.7666795829450643
2018_1242_1257,0.8103781703034934
2018_1242_1260,0.9451016877022697
2018_1242_1274,0.8623205117325846
2018_1242_1276,0.8125959418962533
2018_1242_1277,0.326599199272413
2018_1242_1281,0.9156742686282866
2018_1242_1285,0.9728853506876174
2018_1242_1292,0.9388157567748927
2018_1242_1301,0.8885880723382389
2018_1242_1305,0.8570103063174136
2018_1242_1308,0.9299023349752539
2018_1242_1311,0.9866039935759502
2018_1242_1314,0.7258506902577868
2018_1242_1326,0.8060760033261738
2018_1242_1328,0.8770629541541216
2018_1242_1344,0.8880068766638307
2018_1242_1345,0.3215406578550991
2018_1242_1348,0.8790634277389866
2018_1242_1351,0.9738162375391544
2018_1242_1355,0.9600312858991551
2018_1242_1364,0.9805871851245684
2018_1242_1366,0.988138755584748
2018_1242_1371,0.8407024657810663
2018_1242_1380,0.989766502794339
2018_1242_1382,0.9253543840804732
2018_1242_1388,0.8425672684303112
2018_1242_1393,0.8711866133063328
2018_1242_1395,0.8602759670569781
2018_1242_1397,0.8282777151079882
2018_1242_1400,0.8831816433859823
2018_1242_1401,0.8692866293399173
2018_1242_1403,0.8415588381144532
2018_1242_1418,0.9606457375873365
2018_1242_1436,0.9538566220350041
2018_1242_1437,0.6647899369762029
2018_1242_1438,0.6970166555430053
2018_1242_1439,0.878279605395546
2018_1242_1447,0.9824565811668289
2018_1242_1452,0.787762491454871
2018_1242_1455,0.8090424117548034
2018_1242_1457,0.9829938502840814
2018_1242_1460,0.974163445929981
2018_1242_1462,0.7527183752246933
2018_1243_1246,0.602830441436089
2018_1243_1257,0.6323100299264905
2018_1243_1260,0.8340428389278851
2018_1243_1274,0.6915834939889849
2018_1243_1276,0.6209530354293077
2018_1243_1277,0.5557467077746389
2018_1243_1281,0.7873828023336196
2018_1243_1285,0.9027906281697468
2018_1243_1292,0.8200300487073908
2018_1243_1301,0.7419377675706003
2018_1243_1305,0.28340658795056517
2018_1243_1308,0.7996436462793605
2018_1243_1311,0.967291329636319
2018_1243_1314,0.5420810833893795
2018_1243_1326,0.629755508363696
2018_1243_1328,0.7218560576042353
2018_1243_1344,0.7394140096484355
2018_1243_1345,0.5413229585432257
2018_1243_1348,0.7171960137831989
2018_1243_1351,0.9074748260413678
2018_1243_1355,0.8630639764327367
2018_1243_1364,0.9201051365962383
2018_1243_1366,0.9748881784671418
2018_1243_1371,0.6761213615106656
2018_1243_1380,0.9826657015173701
2018_1243_1382,0.8047433644074724
2018_1243_1388,0.6375753984051626
2018_1243_1393,0.709547624813952
2018_1243_1395,0.7155612835623963
2018_1243_1397,0.28065284611953234
2018_1243_1400,0.7457618556680876
2018_1243_1401,0.7115012755716369
2018_1243_1403,0.6602431645504739
2018_1243_1418,0.8731387404333124
2018_1243_1436,0.853040844327378
2018_1243_1437,0.5032288742327787
2018_1243_1438,0.532407015387907
2018_1243_1439,0.7119397916338567
2018_1243_1447,0.951820652424877
2018_1243_1452,0.6123660760135125
2018_1243_1455,0.6175702601243052
2018_1243_1457,0.9333030437303227
2018_1243_1460,0.9111804769883902
2018_1243_1462,0.5845724570483923
2018_1246_1257,0.7544066459838514
2018_1246_1260,0.9025724678176739
2018_1246_1274,0.8116909675048218
2018_1246_1276,0.7441581317007109
2018_1246_1277,0.2607452830634258
2018_1246_1281,0.8714530879597842
2018_1246_1285,0.9490172907684664
2018_1246_1292,0.9126712188153994
2018_1246_1301,0.8517103600327173
2018_1246_1305,0.8060246545742299
2018_1246_1308,0.8903970948036679
2018_1246_1311,0.9779674719487281
2018_1246_1314,0.6333903381419179
2018_1246_1326,0.7311988290056624
2018_1246_1328,0.8184728525724074
2018_1246_1344,0.841918703884149
2018_1246_1345,0.2509174955192929
2018_1246_1348,0.8186432748417831
2018_1246_1351,0.9509611740515913
2018_1246_1355,0.9208591626836531
2018_1246_1364,0.9548774004095246
2018_1246_1366,0.9810161556339472
2018_1246_1371,0.7959483012286261
2018_1246_1380,0.9881343074493603
2018_1246_1382,0.8901595533636029
2018_1246_1388,0.7696696420449456
2018_1246_1393,0.8215098686775547
2018_1246_1395,0.8235838798621936
2018_1246_1397,0.7627166621589488
2018_1246_1400,0.8496405977270661
2018_1246_1401,0.8130085425381862
2018_1246_1403,0.7734708416052845
2018_1246_1418,0.932821068226027
2018_1246_1436,0.9252487236050235
2018_1246_1437,0.605871101091931
2018_1246_1438,0.6353553655293721
2018_1246_1439,0.8230875544235049
2018_1246_1447,0.9714601973440348
2018_1246_1452,0.7257415966412198
2018_1246_1455,0.7518405597243537
2018_1246_1457,0.9688512704337138
2018_1246_1460,0.9570282310222504
2018_1246_1462,0.2899762215252067
2018_1257_1260,0.8787689675653476
2018_1257_1274,0.7494795193018509
2018_1257_1276,0.6787958052180995
2018_1257_1277,0.2154455910973663
2018_1257_1281,0.8327759353349451
2018_1257_1285,0.929605383498642
2018_1257_1292,0.8817595085834755
2018_1257_1301,0.8008992437254225
2018_1257_1305,0.755134126021021
2018_1257_1308,0.8568909338930345
2018_1257_1311,0.9757384608873014
2018_1257_1314,0.6008586617427878
2018_1257_1326,0.6933409965614523
2018_1257_1328,0.7783692914414282
2018_1257_1344,0.8074647596226873
2018_1257_1345,0.6131675817493655
2018_1257_1348,0.7739899237123538
2018_1257_1351,0.9362326090616403
2018_1257_1355,0.8940274542000899
2018_1257_1364,0.9497603760454477
2018_1257_1366,0.9800109905364537
2018_1257_1371,0.7394786672332925
2018_1257_1380,0.9857179294996286
2018_1257_1382,0.859893622622256
2018_1257_1388,0.33539560774358607
2018_1257_1393,0.7777544273897413
2018_1257_1395,0.7576054937767988
2018_1257_1397,0.7213320727361137
2018_1257_1400,0.7959144640769265
2018_1257_1401,0.7620043758097981
2018_1257_1403,0.7275501468113593
2018_1257_1418,0.9043733909582414
2018_1257_1436,0.8986731576078011
2018_1257_1437,0.564970292802945
2018_1257_1438,0.6000702982139557
2018_1257_1439,0.7655391185329563
2018_1257_1447,0.9622352940460407
2018_1257_1452,0.2703858905301062
2018_1257_1455,0.2933822507494489
2018_1257_1457,0.9689367436361253
2018_1257_1460,0.9407173345790151
2018_1257_1462,0.2519221476712487
2018_1260_1274,0.5815535763021865
2018_1260_1276,0.5204272100692122
2018_1260_1277,0.4641030131064024
2018_1260_1281,0.677596677419515
2018_1260_1285,0.8017092722877399
2018_1260_1292,0.6949071110518721
2018_1260_1301,0.21221660392456076
2018_1260_1305,0.5705964069247448
2018_1260_1308,0.679220837399256
2018_1260_1311,0.9096548260671132
2018_1260_1314,0.46964208717213546
2018_1260_1326,0.530916718190245
2018_1260_1328,0.18392578648759456
2018_1260_1344,0.617142357271208
2018_1260_1345,0.45488853622211983
2018_1260_1348,0.5925690457833517
2018_1260_1351,0.8063403990609409
2018_1260_1355,0.7331316005048166
2018_1260_1364,0.8283884634490021
2018_1260_1366,0.9451833611818677
2018_1260_1371,0.545235321293759
2018_1260_1380,0.9492921179018453
2018_1260_1382,0.6659193576735448
2018_1260_1388,0.5426948523468875
2018_1260_1393,0.18873506994892547
2018_1260_1395,0.5727567958157087
2018_1260_1397,0.5443622671946717
2018_1260_1400,0.2023574321572852
2018_1260_1401,0.5667736856438239
2018_1260_1403,0.5541630821903869
2018_1260_1418,0.7601015776938025
2018_1260_1436,0.7275017579898583
2018_1260_1437,0.43597087563154874
2018_1260_1438,0.44670143361263903
2018_1260_1439,0.5820339994650573
2018_1260_1447,0.8821670834614332
2018_1260_1452,0.5058185311483948
2018_1260_1455,0.5171766547685572
2018_1260_1457,0.8492886757694447
2018_1260_1460,0.804328658601093
2018_1260_1462,0.48863911006744215
2018_1274_1276,0.6335642508806514
2018_1274_1277,0.5697656220443788
2018_1274_1281,0.7991958291893019
2018_1274_1285,0.9068657953009707
2018_1274_1292,0.8393625187850753
2018_1274_1301,0.7548150755409472
2018_1274_1305,0.29580805781529595
2018_1274_1308,0.8070547979535929
2018_1274_1311,0.962944923261509
2018_1274_1314,0.5572633543975086
2018_1274_1326,0.25362146010941955
2018_1274_1328,0.7285044989455359
2018_1274_1344,0.7442417831516549
2018_1274_1345,0.5685324852777287
2018_1274_1348,0.31665437070742963
2018_1274_1351,0.8967139214755508
2018_1274_1355,0.8583454412446994
2018_1274_1364,0.9175618669382236
2018_1274_1366,0.9754494676596518
2018_1274_1371,0.7047602358972417
2018_1274_1380,0.9829012807517936
2018_1274_1382,0.7970923773944882
2018_1274_1388,0.25012738910437876
2018_1274_1393,0.7185181384112903
2018_1274_1395,0.7327855862304354
2018_1274_1397,0.6839376186110437
2018_1274_1400,0.7530046925635547
2018_1274_1401,0.7119251255355735
2018_1274_1403,0.2770732734456169
2018_1274_1418,0.8759284697105842
2018_1274_1436,0.8458458490520501
2018_1274_1437,0.5143536817053282
2018_1274_1438,0.552941923121656
2018_1274_1439,0.7201888203245647
2018_1274_1447,0.9524142005435294
2018_1274_1452,0.6206741288655317
2018_1274_1455,0.6317018186527265
2018_1274_1457,0.9392540224905819
2018_1274_1460,0.91212526875479
2018_1274_1462,0.2037673777089096
2018_1276_1277,0.6038659818270178
2018_1276_1281,0.8598896915155777
2018_1276_1285,0.9340677716336349
2018_1276_1292,0.8683591223862215
2018_1276_1301,0.8027128132619096
2018_1276_1305,0.7557094157363022
2018_1276_1308,0.8624061747812738
2018_1276_1311,0.9776459565263944
2018_1276_1314,0.6099037876912012
2018_1276_1326,0.7027706836707255
2018_1276_1328,0.7931508722184446
2018_1276_1344,0.8067408295412464
2018_1276_1345,0.6075241592099694
2018_1276_1348,0.7961465327219772
2018_1276_1351,0.9424490638898592
2018_1276_1355,0.9045631755510981
2018_1276_1364,0.9490278893834383
2018_1276_1366,0.9832568181885294
2018_1276_1371,0.7453477391492809
2018_1276_1380,0.9874040027479358
2018_1276_1382,0.8641502864008432
2018_1276_1388,0.7362779031887698
2018_1276_1393,0.781238404508184
2018_1276_1395,0.7750593552842888
2018_1276_1397,0.74752486571535
2018_1276_1400,0.8070699266492756
2018_1276_1401,0.7738095875565445
2018_1276_1403,0.7474372164114632
2018_1276_1418,0.9158780117859748
2018_1276_1436,0.9018920183707981
2018_1276_1437,0.5559966298937301
2018_1276_1438,0.5869397545212682
2018_1276_1439,0.7664160505609846
2018_1276_1447,0.9715730395428267
2018_1276_1452,0.6887870621947213
2018_1276_1455,0.6936306362298691
2018_1276_1457,0.9613502959911544
2018_1276_1460,0.9448721749013402
2018_1276_1462,0.23895785309188916
2018_1277_1281,0.9190096377461019
2018_1277_1285,0.9685436724086599
2018_1277_1292,0.9005782147256625
2018_1277_1301,0.8836426927414275
2018_1277_1305,0.8418308001334293
2018_1277_1308,0.9183152136654451
2018_1277_1311,0.9865767395755939
2018_1277_1314,0.6888324208675547
2018_1277_1326,0.7782348346157222
2018_1277_1328,0.8687118002443404
2018_1277_1344,0.8809593575257277
2018_1277_1345,0.7018270196212137
2018_1277_1348,0.8590482413508407
2018_1277_1351,0.9736252797413706
2018_1277_1355,0.9510340736524351
2018_1277_1364,0.9779760025097395
2018_1277_1366,0.9866175791608962
2018_1277_1371,0.8300939104298779
2018_1277_1380,0.989561440366497
2018_1277_1382,0.9144940484183
2018_1277_1388,0.8095508942206914
2018_1277_1393,0.8467779700211042
2018_1277_1395,0.8652107521595997
2018_1277_1397,0.8309688598498371
2018_1277_1400,0.885143390348696
2018_1277_1401,0.855091641426294
2018_1277_1403,0.830128959825554
2018_1277_1418,0.9545028827214902
2018_1277_1436,0.9429879570661084
2018_1277_1437,0.6354846506607299
2018_1277_1438,0.6630484524535384
2018_1277_1439,0.8609791035907757
2018_1277_1447,0.9839463132500946
2018_1277_1452,0.7764696714155976
2018_1277_1455,0.7852495401190198
2018_1277_1457,0.9764036353410421
2018_1277_1460,0.9662863739028507
2018_1277_1462,0.7383570680784927
2018_1281_1285,0.8444584528273014
2018_1281_1292,0.6896379476775504
2018_1281_1301,0.6580622515194542
2018_1281_1305,0.6028725006313601
2018_1281_1308,0.7080648703259513
2018_1281_1311,0.9425847085004742
2018_1281_1314,0.4767683494850106
2018_1281_1326,0.5442964583712875
2018_1281_1328,0.6338885082591855
2018_1281_1344,0.6574686078320293
2018_1281_1345,0.4881357286270531
2018_1281_1348,0.6209993969956513
2018_1281_1351,0.856838402114485
2018_1281_1355,0.36514919549040975
2018_1281_1364,0.8701512529957763
2018_1281_1366,0.9586439147292973
2018_1281_1371,0.5915857552739263
2018_1281_1380,0.9630590849179986
2018_1281_1382,0.7019080012359256
2018_1281_1388,0.5553794851090584
2018_1281_1393,0.6369728076952063
2018_1281_1395,0.6256506763494935
2018_1281_1397,0.5783261274054159
2018_1281_1400,0.6603884792956833
2018_1281_1401,0.6245525360846982
2018_1281_1403,0.5838162448706258
2018_1281_1418,0.7832232236468383
2018_1281_1436,0.7462878616457886
2018_1281_1437,0.4576087402757689
2018_1281_1438,0.47428746918599635
2018_1281_1439,0.6284605653725664
2018_1281_1447,0.909667200978682
2018_1281_1452,0.5391022729651577
2018_1281_1455,0.5345292955819921
2018_1281_1457,0.8795831679522217
2018_1281_1460,0.8318611025179963
2018_1281_1462,0.5043957480000224
2018_1285_1292,0.5714984269265152
2018_1285_1301,0.5278439044796451
2018_1285_1305,0.5003437590176959
2018_1285_1308,0.5803740847190303
2018_1285_1311,0.8387299851555754
2018_1285_1314,0.42937764974142506
2018_1285_1326,0.46558444927233156
2018_1285_1328,0.5025040521336068
2018_1285_1344,0.5275831517831191
2018_1285_1345,0.4269757967188548
2018_1285_1348,0.5042691599588242
2018_1285_1351,0.6942067010695663
2018_1285_1355,0.620101960514151
2018_1285_1364,0.738306636149504
2018_1285_1366,0.9092775866354468
2018_1285_1371,0.48349797627024904
2018_1285_1380,0.920484728567913
2018_1285_1382,0.5738018160826824
2018_1285_1388,0.4709774924306328
2018_1285_1393,0.49583361038616525
2018_1285_1395,0.5165532259179955
2018_1285_1397,0.48233427352973995
2018_1285_1400,0.5170528898503653
2018_1285_1401,0.5010265960981131
2018_1285_1403,0.4806100460141146
2018_1285_1418,0.6443593424124918
2018_1285_1436,0.6043675301100286
2018_1285_1437,0.41874754107786605
2018_1285_1438,0.4260551328610718
2018_1285_1439,0.5073716429714581
2018_1285_1447,0.8026431553261932
2018_1285_1452,0.45124083873647647
2018_1285_1455,0.45606596562791707
2018_1285_1457,0.7777859450838114
2018_1285_1460,0.6883933435542269
2018_1285_1462,0.4507635334209127
2018_1292_1301,0.6451298265663268
2018_1292_1305,0.1840457203538151
2018_1292_1308,0.69399953007439
2018_1292_1311,0.9143954163453136
2018_1292_1314,0.4724905587598072
2018_1292_1326,0.15313102029287762
2018_1292_1328,0.22039814794306245
2018_1292_1344,0.647026354394592
2018_1292_1345,0.49123428516162754
2018_1292_1348,0.613532733407734
2018_1292_1351,0.8245263044115801
2018_1292_1355,0.7509760312533801
2018_1292_1364,0.843876202926395
2018_1292_1366,0.9495008196298216
2018_1292_1371,0.5825900077379566
2018_1292_1380,0.957245604196391
2018_1292_1382,0.7096340864361177
2018_1292_1388,0.5521352460710661
2018_1292_1393,0.19032839592843212
2018_1292_1395,0.21877696227781465
2018_1292_1397,0.20263084068397133
2018_1292_1400,0.2609794543746091
2018_1292_1401,0.2251219022417129
2018_1292_1403,0.6012718398989634
2018_1292_1418,0.7739093041463662
2018_1292_1436,0.7288073301310185
2018_1292_1437,0.45129968370632184
2018_1292_1438,0.4724340444478631
2018_1292_1439,0.20568620780193558
2018_1292_1447,0.8721220139124015
2018_1292_1452,0.5360784747209794
2018_1292_1455,0.5210502694665384
2018_1292_1457,0.8671927823262277
2018_1292_1460,0.806622862344464
2018_1292_1462,0.5324365178374784
2018_1301_1305,0.6398021472850455
2018_1301_1308,0.7592249908242192
2018_1301_1311,0.9492422501994356
2018_1301_1314,0.5041761651442378
2018_1301_1326,0.5846064654299973
2018_1301_1328,0.6614311874210248
2018_1301_1344,0.686890370770562
2018_1301_1345,0.5090487485235519
2018_1301_1348,0.6704701107204603
2018_1301_1351,0.8832583246269075
2018_1301_1355,0.8227100146278368
2018_1301_1364,0.9062483817823939
2018_1301_1366,0.9714258911580538
2018_1301_1371,0.640097034933103
2018_1301_1380,0.9742986673081191
2018_1301_1382,0.35077192351148817
2018_1301_1388,0.6016195359262642
2018_1301_1393,0.6755999529550695
2018_1301_1395,0.6802923995555697
2018_1301_1397,0.6251057881220371
2018_1301_1400,0.692935248162251
2018_1301_1401,0.6485714099374785
2018_1301_1403,0.6283130506494216
2018_1301_1418,0.8363096962338463
2018_1301_1436,0.8045740994824554
2018_1301_1437,0.4732824221910107
2018_1301_1438,0.4962535227559742
2018_1301_1439,0.6593511990123874
2018_1301_1447,0.9432205438062303
2018_1301_1452,0.5732017302059581
2018_1301_1455,0.5754153284576327
2018_1301_1457,0.9115669912702872
2018_1301_1460,0.8776763321597728
2018_1301_1462,0.5473315550616721
2018_1305_1308,0.8050995164256314
2018_1305_1311,0.9706262503109077
2018_1305_1314,0.5423978303983685
2018_1305_1326,0.2484208493246186
2018_1305_1328,0.7221551405019334
2018_1305_1344,0.754892992673697
2018_1305_1345,0.5549637444415677
2018_1305_1348,0.7227214763619947
2018_1305_1351,0.9194121623901264
2018_1305_1355,0.8638321947412066
2018_1305_1364,0.9243703472451322
2018_1305_1366,0.9760079187280285
2018_1305_1371,0.6896879453905475
2018_1305_1380,0.9770791078506248
2018_1305_1382,0.8000626170927629
2018_1305_1388,0.6725176419853843
2018_1305_1393,0.7109733996914429
2018_1305_1395,0.7464997653438059
2018_1305_1397,0.6767555839611913
2018_1305_1400,0.7527284758694756
2018_1305_1401,0.7142783750415139
2018_1305_1403,0.6845654983813703
2018_1305_1418,0.8704765053841765
2018_1305_1436,0.851985157954036
2018_1305_1437,0.49943269469448914
2018_1305_1438,0.5327335036590903
2018_1305_1439,0.7257792869515083
2018_1305_1447,0.9536505160171573
2018_1305_1452,0.627834110082785
2018_1305_1455,0.6401648198078453
2018_1305_1457,0.9332759108827174
2018_1305_1460,0.9024313884303901
2018_1305_1462,0.5935547003201037
2018_1308_1311,0.9290069991270391
2018_1308_1314,0.47864526549860414
2018_1308_1326,0.5465711145777767
2018_1308_1328,0.6071261182776313
2018_1308_1344,0.6345359015523835
2018_1308_1345,0.4782457405169393
2018_1308_1348,0.6209886946716352
2018_1308_1351,0.8317816720705661
2018_1308_1355,0.7652574049712204
2018_1308_1364,0.8582769301644249
2018_1308_1366,0.959277827965788
2018_1308_1371,0.5957874250542894
2018_1308_1380,0.9687468438958736
2018_1308_1382,0.6855298826281496
2018_1308_1388,0.5550841074819244
2018_1308_1393,0.6025692167870824
2018_1308_1395,0.6266440288889874
2018_1308_1397,0.5840772540581526
2018_1308_1400,0.6411188582187934
2018_1308_1401,0.5995128933667598
2018_1308_1403,0.5737822487800626
2018_1308_1418,0.7688901447624008
2018_1308_1436,0.7437375932420001
2018_1308_1437,0.44950213133864003
2018_1308_1438,0.4735161375805732
2018_1308_1439,0.6178527643225686
2018_1308_1447,0.9016159087819209
2018_1308_1452,0.5317926020841738
2018_1308_1455,0.5349285458324278
2018_1308_1457,0.8750526339932304
2018_1308_1460,0.8216442450922671
2018_1308_1462,0.5163584300154405
2018_1311_1314,0.41368793597480114
2018_1311_1326,0.42047104973482735
2018_1311_1328,0.4347209701513055
2018_1311_1344,0.4462638388439611
2018_1311_1345,0.4138952838898054
2018_1311_1348,0.4366897556231414
2018_1311_1351,0.5587250095622907
2018_1311_1355,0.49928751252964954
2018_1311_1364,0.5812460820568207
2018_1311_1366,0.7910855293162445
2018_1311_1371,0.42662718861272875
2018_1311_1380,0.7980909286577922
2018_1311_1382,0.4614192084044122
2018_1311_1388,0.42497948149508114
2018_1311_1393,0.44199945927981277
2018_1311_1395,0.43305145018105307
2018_1311_1397,0.43144306795206544
2018_1311_1400,0.44293587307986804
2018_1311_1401,0.4293244646765233
2018_1311_1403,0.42855173060017765
2018_1311_1418,0.509823927843444
2018_1311_1436,0.4887410973568047
2018_1311_1437,0.4120679629671523
2018_1311_1438,0.4170406236116416
2018_1311_1439,0.4347097647308497
2018_1311_1447,0.6303782725312929
2018_1311_1452,0.4190786961339882
2018_1311_1455,0.42045927923506454
2018_1311_1457,0.6190087807060283
2018_1311_1460,0.5436947398267757
2018_1311_1462,0.417639435357853
2018_1314_1326,0.796998523086172
2018_1314_1328,0.8702976139963318
2018_1314_1344,0.8816526458339105
2018_1314_1345,0.7118696792813749
2018_1314_1348,0.877638732625575
2018_1314_1351,0.974147297298671
2018_1314_1355,0.9567344647971951
2018_1314_1364,0.9776278019739733
2018_1314_1366,0.9881548502153987
2018_1314_1371,0.8347732080625196
2018_1314_1380,0.9895431460793948
2018_1314_1382,0.9233785124578971
2018_1314_1388,0.8329708175045553
2018_1314_1393,0.8579085416136707
2018_1314_1395,0.855177804441376
2018_1314_1397,0.8225451066638615
2018_1314_1400,0.8835215667817806
2018_1314_1401,0.8647187125294853
2018_1314_1403,0.8359415137803892
2018_1314_1418,0.9551621889610293
2018_1314_1436,0.9492943228222869
2018_1314_1437,0.657708990810929
2018_1314_1438,0.6840016807580207
2018_1314_1439,0.8644275202829285
2018_1314_1447,0.9822769266375871
2018_1314_1452,0.7813854108747657
2018_1314_1455,0.8010762208110348
2018_1314_1457,0.9814472878698046
2018_1314_1460,0.9731993540748067
2018_1314_1462,0.7406458703081027
2018_1326_1328,0.7880372766622401
2018_1326_1344,0.8038777234377092
2018_1326_1345,0.605187159328132
2018_1326_1348,0.7840929249852044
2018_1326_1351,0.9497694784149706
2018_1326_1355,0.9056766411804317
2018_1326_1364,0.9571038026920653
2018_1326_1366,0.9810093520458563
2018_1326_1371,0.743437890758391
2018_1326_1380,0.9860002443695556
2018_1326_1382,0.8538183630111599
2018_1326_1388,0.7110082432859345
2018_1326_1393,0.7735207341216904
2018_1326_1395,0.7743024407716501
2018_1326_1397,0.7470216513878283
2018_1326_1400,0.8136559169578874
2018_1326_1401,0.7720569413897147
2018_1326_1403,0.7377152922952781
2018_1326_1418,0.9081974136175421
2018_1326_1436,0.8873777987844721
2018_1326_1437,0.5427851954911074
2018_1326_1438,0.5863890057956056
2018_1326_1439,0.770696401602544
2018_1326_1447,0.9693159077426908
2018_1326_1452,0.6801032511249371
2018_1326_1455,0.6838321258510152
2018_1326_1457,0.9524772762271799
2018_1326_1460,0.937065978204428
2018_1326_1462,0.6334326492989298
2018_1328_1344,0.7149458716378927
2018_1328_1345,0.5314235012342322
2018_1328_1348,0.6843397753652032
2018_1328_1351,0.9113374671158441
2018_1328_1355,0.8553550301283636
2018_1328_1364,0.921269611503477
2018_1328_1366,0.9801563139379056
2018_1328_1371,0.6594922142422767
2018_1328_1380,0.9770516132888739
2018_1328_1382,0.7985358999829052
2018_1328_1388,0.6291112527336029
2018_1328_1393,0.2858774526836463
2018_1328_1395,0.3000667231408462
2018_1328_1397,0.2354377245203862
2018_1328_1400,0.7213849709171554
2018_1328_1401,0.6671696524485973
2018_1328_1403,0.6473244577076629
2018_1328_1418,0.8651004467111355
2018_1328_1436,0.8448097420241641
2018_1328_1437,0.4944282711059123
2018_1328_1438,0.5205312856764535
2018_1328_1439,0.29749997364646685
2018_1328_1447,0.9423382566001264
2018_1328_1452,0.5868796013673002
2018_1328_1455,0.5954159944543985
2018_1328_1457,0.9384037315604691
2018_1328_1460,0.8995151758392681
2018_1328_1462,0.5704456540242033
2018_1344_1345,0.5228410321542823
2018_1344_1348,0.6672428963747173
2018_1344_1351,0.8857179127378015
2018_1344_1355,0.8207498549026335
2018_1344_1364,0.8979112749528568
2018_1344_1366,0.970733921611487
2018_1344_1371,0.6302043156800956
2018_1344_1380,0.9743261181157497
2018_1344_1382,0.3611783585951125
2018_1344_1388,0.6019816155008783
2018_1344_1393,0.27676640518673223
2018_1344_1395,0.6662969023093318
2018_1344_1397,0.6314972109896172
2018_1344_1400,0.31948463199560684
2018_1344_1401,0.6648193243562792
2018_1344_1403,0.6346405964172157
2018_1344_1418,0.830950160539108
2018_1344_1436,0.810511749874753
2018_1344_1437,0.4790024294959625
2018_1344_1438,0.5082592688066387
2018_1344_1439,0.6566710217118414
2018_1344_1447,0.9274534614335771
2018_1344_1452,0.5719116728504328
2018_1344_1455,0.5837959647377212
2018_1344_1457,0.9170934630295862
2018_1344_1460,0.8815513863967122
2018_1344_1462,0.5579963012681273
2018_1345_1348,0.8663466538250544
2018_1345_1351,0.9718543145436576
2018_1345_1355,0.9567226333582426
2018_1345_1364,0.9778821266969885
2018_1345_1366,0.9877003663415946
2018_1345_1371,0.8305210362211319
2018_1345_1380,0.989523205687092
2018_1345_1382,0.9247726588985412
2018_1345_1388,0.8108949784938932
2018_1345_1393,0.8497509312101315
2018_1345_1395,0.8565766216992874
2018_1345_1397,0.8220515127000385
2018_1345_1400,0.880355671808874
2018_1345_1401,0.8596125436262292
2018_1345_1403,0.8284621512989963
2018_1345_1418,0.952089698769641
2018_1345_1436,0.9486166034325836
2018_1345_1437,0.6345147927942147
2018_1345_1438,0.665032717611726
2018_1345_1439,0.8541645874138424
2018_1345_1447,0.9832900062262445
2018_1345_1452,0.7759166322525666
2018_1345_1455,0.7876319101883464
2018_1345_1457,0.9773413700285316
2018_1345_1460,0.9665426258823078
2018_1345_1462,0.7484225818067964
2018_1348_1351,0.8977086703369869
2018_1348_1355,0.8481049729667354
2018_1348_1364,0.9091067619108282
2018_1348_1366,0.9718903039175584
2018_1348_1371,0.6725540509737322
2018_1348_1380,0.9760136021831102
2018_1348_1382,0.7811795884110695
2018_1348_1388,0.6396009917362006
2018_1348_1393,0.6863085363019623
2018_1348_1395,0.6960093232840658
2018_1348_1397,0.6562545485291723
2018_1348_1400,0.7288178312075959
2018_1348_1401,0.6870707475502702
2018_1348_1403,0.25889774350989403
2018_1348_1418,0.8623594416980427
2018_1348_1436,0.835060791150631
2018_1348_1437,0.492995656877698
2018_1348_1438,0.5211946600816114
2018_1348_1439,0.6945440050053053
2018_1348_1447,0.9429854258600339
2018_1348_1452,0.5947325164476185
2018_1348_1455,0.6210102994280775
2018_1348_1457,0.9199681279386611
2018_1348_1460,0.8969662494260473
2018_1348_1462,0.17242382338250128
2018_1351_1355,0.6306169617005247
2018_1351_1364,0.7304923046688353
2018_1351_1366,0.906788250683521
2018_1351_1371,0.47461274813439797
2018_1351_1380,0.9075611293662892
2018_1351_1382,0.5664524963876817
2018_1351_1388,0.46590271662271315
2018_1351_1393,0.4877215625337265
2018_1351_1395,0.49248289862027217
2018_1351_1397,0.4708719963345681
2018_1351_1400,0.5006591887190827
2018_1351_1401,0.48542117200377155
2018_1351_1403,0.4674293326875249
2018_1351_1418,0.6419768241160932
2018_1351_1436,0.6120023905494412
2018_1351_1437,0.4207000568031161
2018_1351_1438,0.4240307865934602
2018_1351_1439,0.49489011014044104
2018_1351_1447,0.7907811557021001
2018_1351_1452,0.4436447444432698
2018_1351_1455,0.44586967339368094
2018_1351_1457,0.7649706584356143
2018_1351_1460,0.6835481293379247
2018_1351_1462,0.43661186126507695
2018_1355_1364,0.7931210021880851
2018_1355_1366,0.9436942319244032
2018_1355_1371,0.5232977575393026
2018_1355_1380,0.935399973052434
2018_1355_1382,0.6261041924117376
2018_1355_1388,0.5187862758394802
2018_1355_1393,0.5514960381348291
2018_1355_1395,0.5477581256594157
2018_1355_1397,0.5292138665780638
2018_1355_1400,0.5571868419604903
2018_1355_1401,0.5371393962058608
2018_1355_1403,0.5115422159119626
2018_1355_1418,0.5008731708273761
2018_1355_1436,0.26861675098334026
2018_1355_1437,0.4273623360707479
2018_1355_1438,0.43719911515190957
2018_1355_1439,0.5573413729775853
2018_1355_1447,0.8587751303314604
2018_1355_1452,0.4839275958000507
2018_1355_1455,0.4870799373288322
2018_1355_1457,0.8213924139636214
2018_1355_1460,0.7591704597302266
2018_1355_1462,0.46861636397265416
2018_1364_1366,0.8928157201672368
2018_1364_1371,0.462117696848333
2018_1364_1380,0.8956525227924997
2018_1364_1382,0.549214056390906
2018_1364_1388,0.46513315198423427
2018_1364_1393,0.4820761280474736
2018_1364_1395,0.48188017273464484
2018_1364_1397,0.4633728522982824
2018_1364_1400,0.49330241020789223
2018_1364_1401,0.4726288217295155
2018_1364_1403,0.45566023653497945
2018_1364_1418,0.6070528518762328
2018_1364_1436,0.5666434371949476
2018_1364_1437,0.4154452236726379
2018_1364_1438,0.4213972066848905
2018_1364_1439,0.4795785067060597
2018_1364_1447,0.7674061618329684
2018_1364_1452,0.43237087211408837
2018_1364_1455,0.4409245346365728
2018_1364_1457,0.7369861703426708
2018_1364_1460,0.6574743615882469
2018_1364_1462,0.4300393797711981
2018_1366_1371,0.4181807201009818
2018_1366_1380,0.7105604894077086
2018_1366_1382,0.43550482623845965
2018_1366_1388,0.4193419892010176
2018_1366_1393,0.4226840241440489
2018_1366_1395,0.4228174567035907
2018_1366_1397,0.41970447345472134
2018_1366_1400,0.42682365402441014
2018_1366_1401,0.42124675716378407
2018_1366_1403,0.4225738845357009
2018_1366_1418,0.48033308152162846
2018_1366_1436,0.44762832503400135
2018_1366_1437,0.41005578196725834
2018_1366_1438,0.41460284289936383
2018_1366_1439,0.4204150184638273
2018_1366_1447,0.5376536780815033
2018_1366_1452,0.4152344018048007
2018_1366_1455,0.41680110943861315
2018_1366_1457,0.5205396052871307
2018_1366_1460,0.4816201936261326
2018_1366_1462,0.4141129927684359
2018_1371_1380,0.9823117967193536
2018_1371_1382,0.8228594626551091
2018_1371_1388,0.2547676000381399
2018_1371_1393,0.7336049297856729
2018_1371_1395,0.7359640097207101
2018_1371_1397,0.6854353407675977
2018_1371_1400,0.7685155816158074
2018_1371_1401,0.7126122890708628
2018_1371_1403,0.2820758697814081
2018_1371_1418,0.8825274226153569
2018_1371_1436,0.8765974440464912
2018_1371_1437,0.5192274368409109
2018_1371_1438,0.5481371346075357
2018_1371_1439,0.731387420289825
2018_1371_1447,0.9624860460422033
2018_1371_1452,0.6292558995651334
2018_1371_1455,0.6465371385211031
2018_1371_1457,0.9441595269985067
2018_1371_1460,0.9239344419918112
2018_1371_1462,0.6048039699200325
2018_1380_1382,0.43431400834135137
2018_1380_1388,0.41555345958564166
2018_1380_1393,0.4171958134866957
2018_1380_1395,0.42703354973883045
2018_1380_1397,0.4187745270940166
2018_1380_1400,0.42231876663686857
2018_1380_1401,0.41994790224362577
2018_1380_1403,0.4206703751658987
2018_1380_1418,0.4774667819967052
2018_1380_1436,0.4468992761659957
2018_1380_1437,0.409589218582627
2018_1380_1438,0.41103626873071325
2018_1380_1439,0.4207612481160638
2018_1380_1447,0.5458713753580151
2018_1380_1452,0.4121273777274479
2018_1380_1455,0.4136700201548535
2018_1380_1457,0.5102181009166729
2018_1380_1460,0.4736042014303996
2018_1380_1462,0.4122995201960043
2018_1382_1388,0.5541561217672587
2018_1382_1393,0.20804063407746964
2018_1382_1395,0.617696801037324
2018_1382_1397,0.5789651359015227
2018_1382_1400,0.2454927599119439
2018_1382_1401,0.6175248166763996
2018_1382_1403,0.5867379198500038
2018_1382_1418,0.7894131297982573
2018_1382_1436,0.7514532239355936
2018_1382_1437,0.4434185124863432
2018_1382_1438,0.46551223419194987
2018_1382_1439,0.6269637397125236
2018_1382_1447,0.8949147260110948
2018_1382_1452,0.5216677807499506
2018_1382_1455,0.535082103156093
2018_1382_1457,0.8775022735320014
2018_1382_1460,0.8242626393526229
2018_1382_1462,0.5104604637617615
2018_1388_1393,0.7642172126888138
2018_1388_1395,0.775165219375486
2018_1388_1397,0.7302325607644985
2018_1388_1400,0.8075126853049714
2018_1388_1401,0.773755313308425
2018_1388_1403,0.7269276360463777
2018_1388_1418,0.9008064387162422
2018_1388_1436,0.8792707044633891
2018_1388_1437,0.5308152511695446
2018_1388_1438,0.5601960643028637
2018_1388_1439,0.7643044470723857
2018_1388_1447,0.9708904259140547
2018_1388_1452,0.660396415294922
2018_1388_1455,0.6700879905814144
2018_1388_1457,0.9514442982875402
2018_1388_1460,0.9327795285356474
2018_1388_1462,0.2316898386703401
2018_1393_1395,0.3012969604653764
2018_1393_1397,0.26540343553152246
2018_1393_1400,0.7419313754166565
2018_1393_1401,0.7052851317023443
2018_1393_1403,0.6703088371650383
2018_1393_1418,0.8611503717165594
2018_1393_1436,0.8488953670434995
2018_1393_1437,0.5042784436497807
2018_1393_1438,0.5423774073266888
2018_1393_1439,0.2979205595116125
2018_1393_1447,0.9438344407492658
2018_1393_1452,0.5972794539488201
2018_1393_1455,0.6199933332200991
2018_1393_1457,0.9321087519334945
2018_1393_1460,0.9039830435975095
2018_1393_1462,0.5888935172237012
2018_1395_1397,0.24724031669810181
2018_1395_1400,0.7291332230784221
2018_1395_1401,0.6822717025133587
2018_1395_1403,0.66212363579787
2018_1395_1418,0.8563605347782653
2018_1395_1436,0.8430305430439753
2018_1395_1437,0.5027988391350514
2018_1395_1438,0.5174965007043613
2018_1395_1439,0.29584085725747095
2018_1395_1447,0.9482925312065056
2018_1395_1452,0.6038635447431667
2018_1395_1455,0.6192104743601823
2018_1395_1457,0.9266140652117496
2018_1395_1460,0.8878976694164118
2018_1395_1462,0.5662086400289548
2018_1397_1400,0.7739939842656698
2018_1397_1401,0.7338414050157941
2018_1397_1403,0.6919464150137579
2018_1397_1418,0.881587908447899
2018_1397_1436,0.8671662791728841
2018_1397_1437,0.5146164824698567
2018_1397_1438,0.5408512822875602
2018_1397_1439,0.5408536301941768
2018_1397_1447,0.9581650418137762
2018_1397_1452,0.65525045461754
2018_1397_1455,0.6555875939950928
2018_1397_1457,0.9433529358415684
2018_1397_1460,0.9203644014259518
2018_1397_1462,0.5919147395524359
2018_1400_1401,0.2540857581467003
2018_1400_1403,0.6304221967397194
2018_1400_1418,0.8408288654731001
2018_1400_1436,0.821655622817602
2018_1400_1437,0.4814356144922801
2018_1400_1438,0.5070800747679363
2018_1400_1439,0.655289054971124
2018_1400_1447,0.9311863752938807
2018_1400_1452,0.5701916350913454
2018_1400_1455,0.5734643133438807
2018_1400_1457,0.915668115502795
2018_1400_1460,0.8816609647658975
2018_1400_1462,0.5468307241755735
2018_1401_1403,0.6535676015798121
2018_1401_1418,0.855538962411917
2018_1401_1436,0.8501205818655778
2018_1401_1437,0.5018630658613258
2018_1401_1438,0.5273721173684296
2018_1401_1439,0.7054820406236727
2018_1401_1447,0.944644053113645
2018_1401_1452,0.6092102373264844
2018_1401_1455,0.6064641157304618
2018_1401_1457,0.94099320084742
2018_1401_1460,0.9050469102242027
2018_1401_1462,0.5856141705687387
2018_1403_1418,0.8866787322437518
2018_1403_1436,0.8633703276355797
2018_1403_1437,0.5267288871081954
2018_1403_1438,0.5532351798270027
2018_1403_1439,0.7293796842203881
2018_1403_1447,0.9569536567349022
2018_1403_1452,0.6454833698493656
2018_1403_1455,0.65782013746136
2018_1403_1457,0.9343886914093731
2018_1403_1460,0.9169623954759676
2018_1403_1462,0.6021261524379491
2018_1418_1436,0.6815997039923711
2018_1418_1437,0.4306675831929493
2018_1418_1438,0.43659788057267346
2018_1418_1439,0.55326922461766
2018_1418_1447,0.8312510809878898
2018_1418_1452,0.4866504140434275
2018_1418_1455,0.48867946800224404
2018_1418_1457,0.8088607678165705
2018_1418_1460,0.754008694502069
2018_1418_1462,0.46903291359228855
2018_1436_1437,0.43243418914946186
2018_1436_1438,0.4419969546150338
2018_1436_1439,0.5635507604870916
2018_1436_1447,0.8674163341728459
2018_1436_1452,0.4840296292435895
2018_1436_1455,0.4953727747001717
2018_1436_1457,0.8428871134231533
2018_1436_1460,0.7807989854280518
2018_1436_1462,0.4789713765797301
2018_1437_1438,0.7249633658303424
2018_1437_1439,0.8957457165498243
2018_1437_1447,0.9853001552132685
2018_1437_1452,0.8273674756975749
2018_1437_1455,0.8400459680878393
2018_1437_1457,0.9851337456902499
2018_1437_1460,0.9780989451959176
2018_1437_1462,0.7948683991248959
2018_1438_1439,0.8653363621579695
2018_1438_1447,0.982559451695878
2018_1438_1452,0.7818307550830699
2018_1438_1455,0.7982790074173778
2018_1438_1457,0.976251580157919
2018_1438_1460,0.9702645616187301
2018_1438_1462,0.7671958804690919
2018_1439_1447,0.9542622953919803
2018_1439_1452,0.6091713757250763
2018_1439_1455,0.6080181200465301
2018_1439_1457,0.9349313649117388
2018_1439_1460,0.8964680222235195
2018_1439_1462,0.5775612621779943
2018_1447_1452,0.4256975920063924
2018_1447_1455,0.4286167313455231
2018_1447_1457,0.677535257782063
2018_1447_1460,0.613530973440997
2018_1447_1462,0.4202578760985134
2018_1452_1455,0.7031436056456444
2018_1452_1457,0.9722398916757817
2018_1452_1460,0.956306733573699
2018_1452_1462,0.2634927550274362
2018_1455_1457,0.9654466989010307
2018_1455_1460,0.9450869565295219
2018_1455_1462,0.2637153992720724
2018_1457_1460,0.6072859357559486
2018_1457_1462,0.4330998656978966
2018_1460_1462,0.4432866685053148
